path,corr,mad
data\nasa_photos\sol_00100\0100ML0004900050102961C00_DXXX.jpg,-0.08600993672566769,0.3813972728727877
data\nasa_photos\sol_00100\0100ML0004900050102961E01_DXXX.jpg,0.2444740466644594,0.30172998515015376
data\nasa_photos\sol_00100\0100MR0006610000104362I01_DXXX.jpg,0.9945395083942706,0.045244200494008804
data\nasa_photos\sol_00101\0101ML0491005000C0_DXXX.jpg,0.2682720211235833,0.30443852917452935
data\nasa_photos\sol_00101\0101ML0491005000E1_DXXX.jpg,0.8739445736129146,0.12345490162531747
data\nasa_photos\sol_00101\0101MR0667000000I1_DXXX.jpg,0.9892999083182196,0.04618015901683677
