{
  "w_known": 0.24716182053089142,
  "w_anomaly": 0.40855491161346436,
  "w_combined": 0.0,
  "w_depth_variance": 0.2442922592163086,
  "w_roughness": 0.09999100118875504
}